ARC,ASD,MD,IR,IR*,SR,Model,Num_Trades
-0.04994045823667215,0.19676695134070557,0.17398713119710996,-0.2538051125780738,-0.07285104098072345,-0.41594441428033535,ARIMA,175
-0.13017228571866724,0.20803127177427838,0.8747022705385192,-0.6257342206700008,-0.09312111846566423,-0.7415677970803666,LSTM,1275
-0.12031950727966279,0.208055381809986,0.8609385661615345,-0.578305190824378,-0.08082039573100648,-0.6791341677269261,SVM,1293
