ARC,ASD,MD,IR,IR*,SR,Model,Num_Trades
-0.04994045823667215,0.19676695134070557,0.17398713119710996,-0.2538051125780738,-0.07285104098072345,-0.41594441428033535,ARIMA,175
-0.12049132675600516,0.19960542753099506,0.8747022705385192,-0.6036475472957521,-0.08315320117083261,-0.7153925214155039,LSTM,1275
-0.11132366501510682,0.19962856104329907,0.8609385661615345,-0.5576539971700789,-0.07210745251206385,-0.6548823860768472,SVM,1293
